firstName,lastName,address,email,pass
karel,novak,nekde v prdeli,karel.novak@seznam.cz,456
adolf,horak,nekde v prdeli2,horak.adolf@gmail.com,123
andrea,cerna,nekde v prdeli3,andreaCerna@seznam.cz,123
Pavel,Dobrý,Shrekova bažina 13,dobry.pavel@gmail.com,123
Jose,Morinho,Mechajova ulice 123,jose.morinho@seznam.cz,727
Išmael,Dondelah,Uz ne okounova,isma.dondy@gmail.com,123
a,a,a,a,a
b,b,b,b,b
test,test,test,test@test.test,123
Peter,Černý,nevim fakt,cerny.petr@email.cz,123
test,test,test,test2@test.test,1
